{"cameraMode":{"drawMode":0,"name":"Shaded","section":"Shading Mode"},"sceneLighting":false,"audioPlay":false,"sceneViewState":{"m_AlwaysRefresh":false,"showFog":true,"showSkybox":false,"showFlares":true,"showImageEffects":true,"showParticleSystems":true,"showVisualEffectGraphs":true,"m_FxEnabled":true},"in2DMode":false,"pivot":{"x":0.19999998807907105,"y":3.4000000953674318,"z":16.100006103515626},"rotation":{"x":0.07762416452169419,"y":0.9061921238899231,"z":-0.19030848145484925,"w":0.369635671377182},"size":1.277990460395813,"orthographic":true}